DebrisID,Lat,Long,Alt_km
D0001,58°53'46S,109°57'54W,656.77
D0002,46°7'15N,53°28'21E,382.62
D0003,5°22'41S,79°13'52E,884.97
D0004,19°20'35N,149°53'9E,1877.39
D0005,52°8'11S,57°35'55E,507.04
D0006,79°3'40S,121°7'31E,261.41
D0007,27°29'50N,9°11'43E,1832.13
D0008,28°25'1S,65°13'30E,310.22
D0009,88°40'44S,40°39'21E,1492.01
D0010,20°32'50N,63°47'21E,1405.61
D0011,88°18'28N,47°6'11W,400.58
D0012,62°36'37N,159°33'42W,1343.39
D0013,89°56'15N,96°43'14E,842.41
D0014,86°14'28S,52°54'48W,718.83
D0015,51°57'1S,161°53'13W,476.52
D0016,22°20'27N,39°48'52W,1247.3
D0017,55°52'39N,72°55'31W,344.63
D0018,34°1'8N,141°51'4W,873.05
D0019,32°20'41N,88°5'28E,1139.09
D0020,66°57'32N,40°33'45W,1887.82
D0021,86°12'53N,180°10'10E,268.9
D0022,90°16'42N,3°43'33E,247.13
D0023,18°19'55N,98°56'54W,422.51
D0024,58°56'24S,25°40'6W,687.71
D0025,13°50'14N,129°19'12W,1327.85
D0026,7°14'20S,48°23'45E,705.01
D0027,12°28'26N,150°55'38E,949.81
D0028,37°55'22S,140°57'39E,1211.65
D0029,70°15'55S,151°53'7E,1394.54
D0030,36°59'43S,127°2'8W,1017.55
D0031,68°2'6N,43°11'27W,1110.86
D0032,11°50'56N,171°4'41W,1333.23
D0033,90°53'25N,4°14'45W,1991.05
D0034,13°48'46N,176°26'33W,191.45
D0035,32°52'17S,104°13'38E,568.65
D0036,55°0'53S,87°48'37W,1719.15
D0037,9°48'30N,173°14'10W,1021.13
D0038,67°17'24S,35°42'49W,355.39
D0039,78°31'12S,24°46'5E,485.11
D0040,12°22'33S,68°55'24W,1239.63
D0041,65°28'33S,147°3'13E,620.3
D0042,1°27'47S,89°50'8W,941.24
D0043,44°40'55S,68°56'27W,400.47
D0044,7°41'28S,119°24'52W,1793.17
D0045,78°34'30N,157°44'35E,257.92
D0046,73°0'2N,93°30'39W,571.47
D0047,9°54'49S,37°6'34W,1586.84
D0048,53°10'39N,122°38'12W,1827.66
D0049,85°14'17S,174°16'25W,673.24
D0050,78°37'30S,173°31'47E,412.11
D0051,18°9'27S,89°38'30W,881.35
D0052,50°25'38S,26°49'10W,1068.47
D0053,24°42'55N,161°51'26W,1438.86
D0054,70°2'5N,98°54'18W,680.79
D0055,38°43'7N,176°51'11E,1592.84
D0056,50°6'44N,16°9'46E,509.26
D0057,9°14'8S,31°20'58W,468.78
D0058,88°34'33N,154°43'13E,1638.68
D0059,51°59'48S,178°56'35W,1163.2
D0060,62°47'10S,39°20'24W,1574.2
D0061,71°41'30S,150°33'53W,1580.83
D0062,56°55'0N,112°31'27W,1402.07
D0063,72°24'35S,28°21'9E,340.12
D0064,36°27'59N,42°30'4E,1117.62
D0065,24°20'26N,35°38'42E,621.82
D0066,21°45'58S,129°11'5W,919.72
D0067,22°23'51N,0°38'14W,1559.16
D0068,0°58'13S,31°25'19E,1920.52
D0069,35°23'42N,40°32'52W,1313.53
D0070,66°12'13N,115°47'54E,336.72
D0071,28°53'14N,46°6'50W,164.56
D0072,70°53'42N,136°25'32W,1939.65
D0073,71°18'48S,8°36'35W,331.81
D0074,63°17'31S,145°51'31E,418.61
D0075,59°22'57S,7°56'34E,1598.2
D0076,49°36'6S,171°3'52W,1877.12
D0077,55°38'3N,55°59'44W,868.74
D0078,86°40'39N,45°29'21E,208.89
D0079,68°14'58N,106°29'39W,1179.87
D0080,36°49'18S,155°14'37W,250.9
D0081,67°34'12S,146°40'2E,493.92
D0082,8°58'20N,144°47'11E,1046.5
D0083,44°52'7N,87°38'35W,325.2
D0084,73°45'49S,162°2'38E,786.37
D0085,1°56'37N,86°15'40E,143.4
D0086,23°29'39S,1°57'31W,1475.27
D0087,55°51'59N,61°51'41W,1180.53
D0088,87°26'37S,77°25'3W,620.21
D0089,68°51'36S,40°35'36W,288.03
D0090,69°14'43N,126°11'44E,1897.74
D0091,87°4'47N,160°34'16E,127.87
D0092,42°1'19S,39°46'6W,1712.03
D0093,10°2'42N,52°55'9W,1534.21
D0094,37°13'26N,169°10'9W,1953.18
D0095,41°48'42N,63°35'24W,1739.29
D0096,58°15'49N,4°25'21E,1273.82
D0097,31°18'2S,175°48'43E,1941.54
D0098,84°30'33N,102°36'52W,638.18
D0099,67°10'18N,153°6'44E,988.09
D0100,61°49'41S,167°58'32W,130.44
D0101,25°3'8S,93°12'23E,663.49
D0102,59°54'23N,69°41'49W,269.66
D0103,58°37'6S,165°37'7E,1655.0
D0104,28°52'0N,111°16'12E,1409.87
D0105,26°37'13S,153°56'45W,1441.63
D0106,79°39'4N,123°17'55W,1179.86
D0107,87°42'1S,19°31'2E,1078.97
D0108,74°36'16S,175°28'29E,352.33
D0109,72°56'20S,116°56'5E,782.35
D0110,80°5'45S,44°51'49W,1409.09
D0111,26°23'36N,155°21'33E,1255.29
D0112,40°42'16S,91°16'37W,1397.86
D0113,83°40'58N,48°10'11E,601.51
D0114,55°14'2S,35°5'57W,1722.42
D0115,0°26'44S,70°0'50W,1674.94
D0116,59°11'36N,23°2'5E,324.76
D0117,12°21'7N,135°31'6W,1679.91
D0118,85°57'30N,151°14'9W,584.95
D0119,44°14'14S,27°48'35W,1431.35
D0120,64°19'49N,108°7'21W,983.75
D0121,89°12'22S,10°33'52E,1636.29
D0122,52°1'8N,145°31'30E,915.1
D0123,67°56'3N,91°15'29E,922.77
D0124,36°4'41N,52°38'28E,1674.81
D0125,24°29'34S,121°18'57W,583.94
D0126,39°35'47S,14°11'23W,1105.1
D0127,64°32'9S,25°47'36E,1265.74
D0128,50°21'54S,111°43'34E,943.41
D0129,20°15'51S,2°36'37W,1095.84
D0130,28°23'34N,23°2'3E,382.21
D0131,21°29'3S,136°17'30E,115.07
D0132,42°13'24N,116°22'23W,1457.2
D0133,63°40'25N,180°17'13E,774.52
D0134,26°33'6N,129°45'32W,423.19
D0135,2°6'48N,66°8'15E,498.01
D0136,83°23'49N,18°18'10E,1352.73
D0137,0°14'35S,103°26'22W,1658.06
D0138,10°57'21S,162°15'41E,874.49
D0139,28°2'42N,33°41'31W,1990.58
D0140,58°2'13S,57°14'5W,1771.8
D0141,82°56'45S,123°16'50W,766.91
D0142,23°32'14S,121°42'38E,388.98
D0143,79°55'19S,128°10'30E,334.41
D0144,53°36'7S,160°37'15E,423.19
D0145,56°6'44N,69°53'4W,1442.56
D0146,2°47'41S,7°47'7W,538.1
D0147,43°21'57S,45°31'44E,1399.28
D0148,41°48'38N,130°30'27E,1583.92
D0149,0°46'43S,103°47'58E,454.0
D0150,31°34'43N,140°18'23E,1149.09
D0151,29°8'54S,93°56'34W,1224.84
D0152,30°53'45S,4°15'39E,766.4
D0153,22°19'46S,9°46'53E,880.04
D0154,12°33'22S,37°9'28W,535.21
D0155,11°33'33N,23°24'42W,1695.73
D0156,1°1'41N,10°4'53E,1101.62
D0157,36°43'32S,87°19'3E,1830.39
D0158,76°3'2S,58°30'53W,234.67
D0159,20°58'43N,71°55'42E,1569.74
D0160,65°41'56N,138°28'36E,1533.77
D0161,10°12'52N,27°3'48W,1222.69
D0162,4°50'42N,142°5'32E,1117.77
D0163,58°12'35S,167°35'16E,501.74
D0164,29°43'27S,23°36'37W,1736.6
D0165,8°10'13S,126°18'22E,1627.54
D0166,26°17'7N,0°54'50E,732.66
D0167,72°24'24N,107°32'58W,570.94
D0168,38°28'20S,99°27'45W,1166.8
D0169,42°37'49N,29°28'16E,351.72
D0170,82°38'9S,71°46'40W,1250.8
D0171,61°28'0S,95°50'27W,560.37
D0172,90°9'1S,21°12'24W,1359.02
D0173,80°26'3S,173°45'26E,666.91
D0174,35°28'38S,55°17'35E,1867.08
D0175,24°3'58S,25°8'0E,793.6
D0176,87°21'12S,136°2'57W,1299.85
D0177,61°40'32N,75°39'25E,121.08
D0178,2°2'28N,147°38'14W,457.86
D0179,59°53'14N,15°47'30E,321.21
D0180,44°47'59N,151°10'23E,1053.14
D0181,48°9'51N,132°33'8E,589.41
D0182,67°12'57N,146°22'46W,670.16
D0183,55°39'6S,158°24'43W,1749.08
D0184,2°53'12N,119°20'0W,1804.84
D0185,79°4'19N,60°24'24E,1047.9
D0186,86°45'39S,76°1'3W,362.84
D0187,20°0'34N,151°38'33W,1445.25
D0188,70°31'57N,52°22'2W,739.38
D0189,32°40'24N,88°4'38W,659.68
D0190,69°52'17S,129°35'23E,1023.8
D0191,25°26'2S,127°21'28E,1379.92
D0192,24°38'59N,54°55'6W,455.14
D0193,45°44'17N,160°4'34W,1534.71
D0194,15°53'48N,167°13'3W,1002.19
D0195,66°34'29S,99°38'53W,522.24
D0196,80°19'26N,176°40'42W,1671.67
D0197,63°40'45N,98°50'30W,1100.77
D0198,11°19'39N,44°45'41W,1644.61
D0199,80°49'55N,116°1'52E,1322.78
D0200,78°44'9N,69°30'30E,627.01
D0201,69°24'46N,22°29'57E,175.95
D0202,73°17'52S,128°56'8W,950.68
D0203,45°59'37N,99°10'41W,781.32
D0204,2°6'44N,147°44'22E,138.11
D0205,43°17'26N,8°15'58W,643.88
D0206,73°22'5N,36°48'40E,1433.45
D0207,46°55'30N,64°16'9W,1292.24
D0208,72°30'37S,101°38'5E,1088.1
D0209,21°44'52N,129°27'15E,195.82
D0210,37°41'29S,42°1'28W,1888.95
D0211,51°7'9N,41°19'10E,1034.55
D0212,65°38'41N,139°25'41W,510.31
D0213,50°33'25N,1°33'6W,767.44
D0214,60°53'44S,61°6'34W,1005.59
D0215,21°43'14N,84°49'56W,1036.39
D0216,40°44'16N,0°14'53W,702.14
D0217,27°54'50N,150°44'43W,402.94
D0218,1°9'3S,41°45'13E,1230.12
D0219,33°28'26S,153°43'13W,1288.11
D0220,62°29'16S,5°30'54W,762.38
D0221,31°41'38S,89°28'45W,651.27
D0222,47°46'13N,150°27'39W,1289.76
D0223,44°23'33N,144°13'44E,634.71
D0224,24°48'5N,118°6'47W,1152.02
D0225,32°24'12S,68°44'52W,1284.92
D0226,80°57'26S,36°35'20E,573.45
D0227,45°4'44N,137°12'8W,760.69
D0228,6°39'24S,56°3'12W,1397.2
D0229,27°27'4N,8°58'40E,404.95
D0230,41°56'25N,75°3'47E,1158.98
D0231,62°55'4S,178°33'28W,1887.85
D0232,87°12'28S,78°14'23W,1684.69
D0233,55°55'31S,150°35'44E,503.64
D0234,0°0'11N,71°32'38W,1078.2
D0235,35°2'1N,37°40'22E,1258.54
D0236,87°21'22S,156°28'12W,1623.8
D0237,10°21'29S,86°45'3E,1964.69
D0238,59°8'33N,135°11'31W,422.66
D0239,85°28'2N,80°30'52W,598.74
D0240,20°26'54S,138°36'15W,463.97
D0241,46°24'50S,72°0'3E,499.87
D0242,7°10'40N,103°35'18W,1259.01
D0243,56°26'24S,19°16'14E,1924.17
D0244,40°50'34S,129°11'27E,926.5
D0245,66°10'43S,51°49'24E,777.04
D0246,7°27'30N,45°14'31W,222.71
D0247,26°9'48S,119°55'26E,1572.75
D0248,34°3'36S,110°30'51W,1407.93
D0249,66°14'56S,123°9'16W,1844.59
D0250,56°37'57S,95°24'23W,1123.63
D0251,33°22'19N,126°1'58E,1215.62
D0252,65°12'8S,88°19'48W,1946.92
D0253,12°58'57N,160°41'15W,909.34
D0254,6°35'46S,60°27'51W,761.35
D0255,51°5'12N,102°8'45W,1924.75
D0256,15°50'10S,154°24'48W,307.63
D0257,68°11'19S,138°16'31W,1965.06
D0258,82°41'40N,12°9'7W,110.84
D0259,9°50'16S,167°11'27W,778.36
D0260,16°52'38S,112°9'0W,221.15
D0261,25°26'8N,8°46'45W,979.87
D0262,29°51'44N,128°36'53W,507.8
D0263,15°35'28S,130°26'23E,253.88
D0264,33°20'10N,48°15'54E,1571.23
D0265,54°8'20S,48°58'40W,299.34
D0266,30°52'30S,30°9'2W,485.05
D0267,79°49'29S,27°20'14W,1964.07
D0268,11°14'47N,149°15'6E,1856.59
D0269,46°47'22N,40°44'16W,1900.76
D0270,0°31'4S,84°54'4E,476.49
D0271,30°36'19S,144°32'31W,1787.61
D0272,76°7'36S,115°45'30E,1557.85
D0273,16°43'14N,155°25'57W,504.46
D0274,7°6'32S,174°4'49W,747.66
D0275,61°30'29S,127°19'6E,1144.36
D0276,29°35'31N,60°48'18W,690.18
D0277,88°27'0N,69°28'30W,1045.01
D0278,19°55'10N,118°42'54W,799.09
D0279,51°11'18N,88°8'56W,1280.38
D0280,46°26'49N,107°38'13W,759.43
D0281,56°3'4N,84°10'53W,1145.8
D0282,14°40'36N,177°50'6E,597.88
D0283,68°46'55S,35°22'43E,1828.53
D0284,50°39'34N,46°38'2W,456.58
D0285,76°23'21S,6°37'36W,1819.62
D0286,61°20'36N,103°21'28E,1353.71
D0287,3°8'7S,7°44'54W,1445.2
D0288,51°50'20S,122°24'22W,1333.27
D0289,13°49'53S,159°9'54E,1848.77
D0290,68°12'42S,95°56'6E,683.14
D0291,33°47'38N,12°25'37W,1054.35
D0292,74°54'11N,130°5'17E,154.42
D0293,32°32'51N,137°37'26E,1259.37
D0294,67°41'32S,67°18'17E,1190.47
D0295,46°52'36S,56°5'1W,876.41
D0296,76°46'26N,139°35'21W,214.48
D0297,8°48'59S,112°38'52W,1420.39
D0298,22°8'52N,36°52'3W,667.31
D0299,40°57'54N,16°53'13W,237.95
D0300,32°55'31S,105°20'4E,1893.84
D0301,54°6'0S,48°51'11E,763.99
D0302,17°48'32N,159°56'17E,1574.16
D0303,29°42'38N,22°3'54W,1978.83
D0304,3°29'33N,40°49'39W,1949.98
D0305,74°45'28S,165°39'1E,905.56
D0306,34°5'51N,69°33'16E,786.49
D0307,36°29'1N,177°11'53E,660.39
D0308,1°49'19S,100°10'19E,301.81
D0309,16°12'44S,47°5'56E,1914.23
D0310,61°29'31N,35°7'30E,1140.5
D0311,12°56'53N,14°25'32W,1499.56
D0312,41°2'18S,119°6'44W,462.83
D0313,63°40'52S,98°3'45W,1114.53
D0314,21°19'32S,164°40'45E,759.26
D0315,17°43'35N,82°3'34E,415.36
D0316,43°59'31S,98°47'10W,376.77
D0317,3°20'36S,103°7'27E,635.68
D0318,47°18'51N,3°4'46W,855.08
D0319,65°2'59S,155°55'31E,349.87
D0320,79°42'35S,91°8'49E,1523.1
D0321,45°33'25S,23°46'56W,1071.78
D0322,26°37'13N,69°24'50W,1557.45
D0323,31°21'26N,153°20'43E,1212.37
D0324,34°39'49N,123°35'11W,773.28
D0325,71°28'59N,56°15'26W,1489.4
D0326,81°19'24N,146°10'29E,664.6
D0327,7°12'22S,23°46'46E,1744.52
D0328,47°6'42S,2°37'47W,1973.9
D0329,35°24'38S,137°29'15W,1128.01
D0330,67°6'25S,132°16'35W,1879.35
D0331,64°13'12N,22°6'59E,1185.89
D0332,69°32'23N,135°36'49W,438.98
D0333,86°54'29N,2°20'46E,300.7
D0334,84°47'6S,89°7'10W,839.1
D0335,11°0'45S,63°33'39W,829.12
D0336,35°31'38S,120°0'47W,1709.34
D0337,43°21'23S,32°21'26W,551.26
D0338,54°49'47S,156°14'34W,707.62
D0339,83°21'35N,101°50'54W,1847.84
D0340,87°13'49N,51°37'24E,662.79
D0341,19°17'22S,9°11'44E,503.58
D0342,33°10'8N,163°39'30E,1224.67
D0343,21°20'50S,180°22'48W,1684.47
D0344,3°19'59S,5°55'40W,435.0
D0345,22°37'5N,173°6'53E,571.83
D0346,26°48'30N,74°22'33W,1749.33
D0347,82°32'34S,154°37'34W,1103.4
D0348,1°24'37N,58°45'11E,1016.52
D0349,40°31'19N,101°16'36E,218.43
D0350,18°31'53S,167°16'43W,874.47
D0351,34°44'53S,131°3'32W,850.1
D0352,67°2'0N,149°45'0W,452.45
D0353,67°41'45N,41°15'13E,1840.86
D0354,32°59'45S,73°40'29W,189.5
D0355,65°38'42N,39°9'3W,1552.45
D0356,84°43'12N,1°28'10E,1398.56
D0357,43°23'48N,84°4'41W,1767.69
D0358,32°9'22S,143°34'10W,881.86
D0359,49°35'33S,148°1'11E,815.72
D0360,44°35'42N,177°39'19E,870.27
D0361,59°29'54N,18°49'20W,1537.88
D0362,46°56'31S,96°8'19E,1047.8
D0363,12°59'6S,10°11'34E,1296.22
D0364,6°34'57S,111°23'55W,1656.29
D0365,44°6'54S,75°5'3E,1333.63
D0366,87°34'40S,170°11'12E,715.42
D0367,82°13'14S,58°55'55E,1111.58
D0368,73°22'22N,35°13'41W,954.67
D0369,68°47'27S,109°42'30W,1413.31
D0370,86°46'59N,9°15'58E,1148.08
D0371,31°21'13N,118°41'46E,1175.95
D0372,46°43'48S,179°31'16W,604.97
D0373,24°9'9N,136°29'49E,1099.72
D0374,24°44'10N,175°6'18W,821.19
D0375,45°27'41N,79°47'17W,1525.38
D0376,80°14'4N,133°41'37E,1534.95
D0377,21°0'34S,27°41'4E,1271.68
D0378,17°54'45N,49°16'57W,1975.46
D0379,63°16'50N,134°50'48E,808.81
D0380,22°7'3N,135°4'14W,1651.03
D0381,20°23'45N,58°58'18E,459.26
D0382,86°37'46N,40°52'21E,1304.75
D0383,35°10'10S,49°53'56W,1898.03
D0384,39°13'54N,10°24'17W,1397.02
D0385,59°44'7N,67°29'38E,1939.02
D0386,74°47'32S,15°38'8E,431.05
D0387,11°25'44S,92°1'13E,1096.02
D0388,49°27'43N,28°16'35E,1055.56
D0389,41°27'56N,115°13'21E,839.16
D0390,33°32'36S,40°57'10E,568.25
D0391,41°17'59S,24°3'12E,1231.53
D0392,86°9'10S,164°50'33W,946.43
D0393,82°18'2N,151°41'3W,1196.15
D0394,12°12'0S,20°19'49E,1063.36
D0395,71°59'21S,9°27'50W,1557.38
D0396,21°41'33N,15°2'50E,481.18
D0397,36°5'15N,143°34'58E,565.88
D0398,66°4'54N,63°30'49E,1079.63
D0399,66°46'43S,16°20'37E,1092.69
D0400,2°17'24S,118°26'22E,724.52
D0401,38°2'20S,72°57'4W,309.8
D0402,87°12'54S,145°11'19W,985.88
D0403,60°21'34N,5°33'45W,1941.54
D0404,68°44'31S,170°47'40E,1176.76
D0405,83°52'37S,62°52'17E,1338.94
D0406,32°2'43S,171°53'59W,737.03
D0407,33°44'20N,132°17'16W,1382.44
D0408,2°37'1S,119°27'25E,1831.15
D0409,3°46'12S,1°53'4E,1088.29
D0410,82°28'50S,145°43'5W,1525.73
D0411,21°19'58N,130°49'49E,995.55
D0412,51°28'31S,25°50'11E,1348.16
D0413,15°32'53N,146°26'22E,942.69
D0414,65°8'25N,102°9'6W,1342.0
D0415,11°43'54S,116°18'2W,441.5
D0416,42°30'26S,108°35'52W,1926.96
D0417,50°45'19S,122°17'59W,1026.04
D0418,25°10'3S,168°7'1E,1707.37
D0419,51°48'25N,69°0'34W,765.09
D0420,45°13'45N,55°52'53W,131.78
D0421,13°51'24N,8°40'4W,182.23
D0422,86°30'15S,101°59'2W,1442.9
D0423,18°14'24S,78°39'13E,1240.99
D0424,23°5'45N,87°35'38E,1788.85
D0425,84°9'3N,112°17'46W,1786.09
D0426,46°10'43N,139°9'0E,290.07
D0427,80°36'52S,41°33'18E,272.79
D0428,65°59'10S,16°22'27E,1987.91
D0429,41°52'4S,34°4'27E,385.81
D0430,19°13'47N,5°15'14E,650.48
D0431,1°37'11N,81°34'11W,246.71
D0432,38°28'4N,121°3'36W,1592.73
D0433,35°5'39N,26°42'56E,302.49
D0434,15°21'43N,109°28'42W,1346.26
D0435,89°3'42N,75°5'29W,465.23
D0436,29°22'56S,56°41'21E,439.28
D0437,16°54'53N,55°45'35E,533.9
D0438,0°16'7N,161°52'44E,1986.4
D0439,52°14'46N,100°12'27E,549.96
D0440,75°14'21S,176°7'59E,1667.56
D0441,3°12'40S,98°21'58E,669.77
D0442,42°15'11N,164°49'23E,288.31
D0443,28°16'21N,122°23'5E,1586.69
D0444,10°13'3N,141°43'59W,156.96
D0445,53°36'37S,127°49'29W,1218.1
D0446,55°11'38S,135°17'38W,219.43
D0447,2°8'9S,69°22'18W,1821.45
D0448,24°42'34N,2°29'12E,837.28
D0449,37°50'45N,173°18'22E,1457.05
D0450,81°1'0N,164°26'21E,1840.55
D0451,71°32'15S,178°19'53E,1343.93
D0452,33°39'25S,77°19'53W,1206.68
D0453,77°33'38S,106°25'23W,650.28
D0454,9°37'32S,127°41'19E,1217.8
D0455,29°40'34N,175°32'6W,1795.9
D0456,11°25'55N,125°20'33W,1174.26
D0457,58°11'35N,134°6'37E,1374.36
D0458,39°39'50N,3°24'25W,1006.99
D0459,37°26'38N,49°0'50E,1714.54
D0460,73°44'29S,105°43'44E,1703.18
D0461,57°23'33N,170°10'4E,1086.9
D0462,51°13'58N,16°1'48E,810.27
D0463,71°15'14S,70°27'19E,1016.66
D0464,18°18'58S,31°40'36W,1129.27
D0465,67°30'56N,101°37'23W,779.21
D0466,20°6'19S,12°51'39E,547.1
D0467,81°15'57N,55°52'52E,1998.27
D0468,18°50'35S,24°30'47E,1280.56
D0469,82°46'39N,9°26'11W,1415.33
D0470,71°49'4N,99°34'43W,294.0
D0471,61°9'11N,57°25'13W,1866.85
D0472,50°35'58S,155°12'26W,1016.77
D0473,4°49'43S,135°53'49W,1027.07
D0474,67°39'20S,39°52'20E,706.8
D0475,15°8'31S,130°11'27E,1555.87
D0476,67°20'19S,90°18'27W,443.01
D0477,20°42'35N,2°41'54W,100.91
D0478,22°42'46N,80°13'2W,1389.75
D0479,73°51'57N,137°16'25E,704.99
D0480,49°34'32N,76°5'17E,1655.61
D0481,18°4'22N,174°13'50E,941.15
D0482,34°55'55S,120°29'15E,139.14
D0483,25°41'17N,127°27'0W,1972.57
D0484,4°1'37N,5°24'5W,936.27
D0485,31°22'25N,100°25'8W,680.0
D0486,19°51'19N,27°25'59W,1108.11
D0487,53°59'36N,122°21'46E,376.18
D0488,90°58'41S,124°9'56W,978.41
D0489,15°30'56N,155°9'59W,142.41
D0490,77°0'26N,140°6'43W,1667.06
D0491,71°26'18S,115°25'51W,955.32
D0492,87°12'32N,161°59'13W,864.22
D0493,19°31'49S,5°31'7W,953.54
D0494,34°0'7S,57°1'14E,1561.09
D0495,71°42'42S,140°1'51E,229.16
D0496,65°56'10N,145°56'6W,1773.65
D0497,38°52'53N,97°51'0E,701.37
D0498,67°4'35S,153°42'42E,450.85
D0499,15°4'33N,148°1'17E,295.09
D0500,46°52'9S,134°47'9E,713.22
D0501,19°39'30S,110°21'50W,316.51
D0502,47°58'16N,84°16'49E,931.14
D0503,15°46'20N,70°16'25W,151.69
D0504,48°52'12S,28°31'26E,1247.85
D0505,57°28'41S,172°13'44E,1922.95
D0506,30°40'4N,120°25'13W,1277.97
D0507,50°1'53N,111°26'35W,674.41
D0508,7°12'9N,7°12'52W,1618.67
D0509,68°29'57S,60°46'35E,405.06
D0510,70°5'48N,11°31'11W,349.47
D0511,27°3'1S,44°35'49W,1626.78
D0512,14°42'31S,134°50'15W,484.42
D0513,9°38'8N,164°23'23W,329.13
D0514,49°53'32N,155°5'11W,1207.06
D0515,78°34'36S,94°11'9W,1919.54
D0516,27°6'15S,97°15'33W,1130.47
D0517,20°7'46N,123°27'4E,1782.4
D0518,58°1'41N,157°31'51W,1306.33
D0519,17°53'5S,97°46'13W,764.32
D0520,34°15'24S,179°14'9E,1434.16
D0521,86°28'30N,178°38'5E,608.17
D0522,90°31'38S,100°14'44E,1019.77
D0523,84°34'10N,36°46'50W,437.47
D0524,21°59'9S,74°15'37W,759.03
D0525,34°33'19N,115°40'23W,1289.5
D0526,12°47'12S,50°32'0E,765.69
D0527,25°15'11S,132°42'4E,955.96
D0528,22°10'17S,136°4'32W,1215.55
D0529,80°49'20N,111°41'57W,623.19
D0530,83°35'9N,66°39'9E,1299.72
D0531,6°46'0N,100°3'13W,376.01
D0532,21°19'24N,92°33'19W,1419.61
D0533,8°45'26N,132°11'46W,1819.17
D0534,68°31'12N,14°3'51E,561.49
D0535,37°43'32S,70°39'22W,130.65
D0536,36°46'33S,175°39'5E,1098.64
D0537,57°59'30S,99°40'32W,1893.09
D0538,24°55'14N,126°44'25W,1795.6
D0539,53°47'44N,63°26'44W,758.05
D0540,30°0'57N,39°59'38E,1530.67
D0541,80°2'36N,175°33'20E,1838.8
D0542,78°1'41N,174°6'18W,1135.8
D0543,39°48'16N,11°37'9W,772.75
D0544,71°54'50N,170°58'6W,710.02
D0545,45°23'26N,2°54'36E,600.1
D0546,55°38'39N,168°27'57W,1320.55
D0547,80°17'3S,175°42'37E,1407.15
D0548,73°48'22S,87°17'26W,797.22
D0549,7°46'37S,77°54'16E,1520.01
D0550,45°25'4N,36°55'32W,328.52
D0551,32°27'5N,41°38'24E,1202.17
D0552,40°48'1S,113°44'45W,1958.95
D0553,23°20'32S,155°33'14E,128.13
D0554,22°43'12N,36°33'2E,1114.29
D0555,69°57'51N,115°8'1W,527.95
D0556,90°51'13S,175°55'42E,1514.63
D0557,29°59'12S,94°17'48W,1591.81
D0558,40°28'17N,9°58'26E,966.1
D0559,12°42'22S,83°14'15E,928.4
D0560,33°26'39N,79°11'3E,543.1
D0561,24°30'47S,13°47'50E,1296.15
D0562,57°0'44N,98°33'53E,644.46
D0563,9°30'11N,5°13'40E,834.32
D0564,69°55'8S,171°58'34W,927.73
D0565,49°45'13S,109°45'12W,1454.29
D0566,60°32'18S,15°54'39W,822.95
D0567,41°1'13N,160°8'43W,265.67
D0568,70°2'40S,34°23'35E,1851.05
D0569,43°25'31S,102°35'11E,178.04
D0570,60°34'21S,121°13'7W,1100.49
D0571,58°42'20N,88°14'49W,1046.48
D0572,5°27'28S,80°59'37E,499.29
D0573,71°28'25S,9°39'46W,1143.94
D0574,31°41'25S,85°41'59E,1907.69
D0575,51°34'51S,51°37'53W,1612.38
D0576,49°32'10N,37°43'36W,386.25
D0577,9°59'38S,12°9'15W,965.47
D0578,25°17'52N,32°48'35W,262.38
D0579,83°19'53S,129°44'53E,1666.54
D0580,65°16'48S,103°26'55E,951.65
D0581,40°26'55S,89°39'50W,157.01
D0582,82°10'0S,77°9'35W,433.69
D0583,69°22'1S,128°20'47W,372.07
D0584,53°41'42S,172°42'42E,1742.92
D0585,66°54'33S,140°11'33W,1186.46
D0586,54°58'43S,156°8'36W,1417.62
D0587,37°11'22N,3°4'44W,1173.17
D0588,34°50'47S,107°55'3E,1360.77
D0589,73°21'13N,62°49'3W,1432.02
D0590,29°49'19N,143°48'44E,1565.07
D0591,29°1'55S,3°11'5W,1723.19
D0592,67°16'55N,122°7'13W,759.24
D0593,90°12'20N,97°44'26W,1495.76
D0594,44°37'15N,164°48'52W,1766.3
D0595,27°17'52N,137°23'0W,866.94
D0596,77°36'42N,160°27'59W,909.58
D0597,5°21'46S,126°54'27E,1710.04
D0598,13°18'20N,9°34'23W,344.17
D0599,89°28'17S,94°0'8W,623.33
D0600,82°21'31S,143°59'39E,836.2
D0601,77°48'44S,124°56'1E,1581.43
D0602,68°53'20S,28°46'6E,1875.8
D0603,31°16'9N,173°37'19E,324.46
D0604,45°0'47S,15°15'30E,1196.23
D0605,77°49'33S,53°28'11W,613.59
D0606,49°8'37S,107°35'23W,1438.73
D0607,15°15'31S,171°5'1E,1630.01
D0608,83°34'55N,154°30'39W,420.97
D0609,49°24'5N,110°23'56E,1112.83
D0610,22°37'40N,85°55'53W,1793.52
D0611,42°58'51S,66°46'38W,1558.56
D0612,50°57'35N,117°44'44W,1749.12
D0613,16°47'5N,73°34'46E,449.57
D0614,59°32'15N,90°45'4W,1318.55
D0615,50°35'53S,32°55'18E,1409.42
D0616,11°15'49N,12°34'44W,1265.87
D0617,59°41'0N,72°38'53W,659.31
D0618,9°9'35S,114°35'16W,871.01
D0619,64°36'5N,62°29'45W,750.6
D0620,46°36'19N,125°33'6E,1770.39
D0621,22°1'15N,149°33'29E,1400.41
D0622,86°5'8N,92°34'58E,374.87
D0623,70°51'29S,62°17'56W,241.53
D0624,66°6'26S,175°58'41W,119.4
D0625,17°56'51S,176°42'10E,339.71
D0626,31°14'34S,59°10'2E,1152.96
D0627,60°56'20N,82°17'56E,161.12
D0628,58°12'17S,169°51'33E,842.59
D0629,69°43'42S,115°17'20W,422.82
D0630,41°28'5S,119°54'35E,1721.09
D0631,70°40'29S,79°30'50W,1090.96
D0632,50°18'40N,144°24'25W,1208.75
D0633,17°0'39S,9°45'53W,267.97
D0634,68°52'26N,36°12'50E,1155.84
D0635,68°1'9N,85°40'50W,984.4
D0636,56°29'19S,162°3'44E,1934.49
D0637,81°59'52N,11°35'1W,847.84
D0638,90°33'11N,32°39'50W,1454.94
D0639,8°57'45S,33°17'50E,529.3
D0640,71°41'50N,41°59'51E,335.31
D0641,78°7'36S,65°32'41W,1416.05
D0642,56°54'33N,144°24'3E,1034.69
D0643,39°10'37N,14°27'43E,622.09
D0644,14°8'40S,100°30'25E,771.31
D0645,81°53'2S,101°56'25W,589.89
D0646,4°27'0N,61°15'34E,1854.86
D0647,47°42'28S,169°48'27E,1510.31
D0648,72°50'5N,27°34'9W,779.41
D0649,25°23'50N,157°52'29W,260.99
D0650,42°49'31S,159°55'42W,1208.47
D0651,67°38'1N,170°43'49W,1160.67
D0652,53°6'40S,40°55'46E,1655.62
D0653,85°16'37N,87°23'15E,624.62
D0654,73°43'44N,25°0'29E,525.84
D0655,88°15'33S,151°13'44W,398.69
D0656,29°22'33N,29°37'52E,916.33
D0657,83°54'42N,79°2'0E,131.55
D0658,45°31'35S,80°7'34E,1997.69
D0659,27°8'35S,100°24'39E,1952.14
D0660,49°59'14S,158°53'8E,1506.38
D0661,38°53'10N,101°14'11E,1430.26
D0662,63°49'0S,152°2'54E,1464.48
D0663,74°14'36S,54°22'55W,1509.5
D0664,62°48'1N,64°48'27E,1002.54
D0665,88°59'14S,126°16'38W,1085.37
D0666,89°7'24N,159°1'57W,1729.37
D0667,52°14'48S,159°48'0W,822.32
D0668,32°27'18N,132°23'1E,1221.23
D0669,67°8'35S,113°19'51E,1109.71
D0670,26°29'35S,94°0'40E,1090.33
D0671,1°12'46N,118°14'49W,1907.17
D0672,29°5'22N,43°17'10W,1669.48
D0673,34°54'53N,40°10'28W,255.45
D0674,13°7'50N,111°54'12E,822.03
D0675,88°51'56S,112°33'2W,273.09
D0676,84°2'38S,56°58'55E,1505.29
D0677,67°20'18N,23°16'30E,1181.65
D0678,24°14'12S,125°26'6E,1430.89
D0679,50°59'15N,138°4'49W,1817.61
D0680,40°40'22S,119°32'51E,1241.15
D0681,23°44'57S,34°11'25W,1043.42
D0682,11°23'18N,96°14'14W,454.26
D0683,66°47'45N,169°42'46E,1691.18
D0684,73°6'22S,54°50'5E,1746.04
D0685,63°19'42S,128°1'29E,815.16
D0686,27°51'54N,83°8'23W,1340.15
D0687,60°58'38S,132°49'9E,821.45
D0688,82°37'54S,148°58'46W,882.67
D0689,73°6'20S,157°9'56E,667.7
D0690,67°43'24N,173°23'27W,637.39
D0691,70°17'46S,120°38'12E,307.94
D0692,79°8'11N,176°11'50W,1752.58
D0693,28°32'33S,28°43'29W,1839.15
D0694,74°4'1S,54°4'54W,1526.03
D0695,0°33'13N,6°35'19W,212.07
D0696,50°38'23S,16°48'44E,414.32
D0697,76°0'54N,28°11'58W,138.07
D0698,11°36'12N,162°53'24W,333.14
D0699,49°27'45N,132°1'26E,713.25
D0700,79°4'14S,109°24'15E,633.98
D0701,74°38'41S,171°4'0E,419.53
D0702,86°17'43N,157°26'19E,1006.89
D0703,34°52'53S,176°57'35E,1089.24
D0704,51°49'4S,134°0'9W,947.04
D0705,31°17'5N,111°32'48W,823.78
D0706,31°26'5N,49°48'53W,700.53
D0707,30°8'45S,173°8'26E,1954.45
D0708,42°4'18S,17°7'45W,1683.16
D0709,20°44'36N,99°8'5W,283.26
D0710,49°13'39N,151°55'24W,1495.09
D0711,0°6'2N,102°36'37W,519.96
D0712,50°48'27S,154°31'20W,1121.04
D0713,11°25'37S,135°48'7W,1326.73
D0714,6°52'35N,34°52'8W,934.67
D0715,5°54'41N,132°0'43E,972.36
D0716,80°8'21N,97°5'25E,1105.27
D0717,14°22'0N,80°16'51E,409.11
D0718,48°13'12N,89°47'18E,1146.66
D0719,35°6'58N,53°38'39W,895.77
D0720,64°20'58N,10°22'55W,687.44
D0721,24°37'54N,72°44'45W,170.09
D0722,45°33'37S,172°58'18W,1442.63
D0723,17°25'34S,56°17'42E,776.81
D0724,23°55'15S,65°19'34E,1836.42
D0725,27°3'54S,157°32'24W,1347.21
D0726,14°2'0S,54°57'20E,374.72
D0727,57°47'15S,11°15'10E,1010.69
D0728,3°42'55N,16°6'28E,1030.92
D0729,88°53'14N,83°50'48W,1245.15
D0730,45°12'2N,130°35'4E,811.77
D0731,0°24'4S,169°24'33W,1916.77
D0732,51°30'56S,73°8'49E,686.73
D0733,56°22'3S,37°51'23W,938.92
D0734,61°31'39S,94°41'23W,265.48
D0735,16°24'45S,83°2'10W,780.16
D0736,18°30'48S,5°52'0E,1303.75
D0737,20°6'51N,173°48'56E,1605.02
D0738,79°8'46N,72°25'14E,158.48
D0739,2°40'4N,106°51'48E,701.26
D0740,71°9'12S,127°11'37W,1120.88
D0741,35°57'29N,105°9'6E,1691.99
D0742,66°51'26S,93°15'34E,180.15
D0743,26°48'18N,23°18'51W,1679.19
D0744,48°41'35S,12°47'47W,591.28
D0745,12°23'28N,130°22'16E,1323.47
D0746,40°54'41S,15°11'33W,539.58
D0747,49°34'2S,34°7'25E,652.79
D0748,67°43'25N,146°54'46W,195.63
D0749,83°8'26S,99°26'21W,741.11
D0750,64°22'55N,129°30'41W,689.36
D0751,34°3'2S,163°6'27W,102.92
D0752,8°55'20N,16°8'12E,1369.04
D0753,45°48'56S,87°42'38W,1863.85
D0754,1°43'33S,69°36'12E,554.3
D0755,22°48'4N,80°30'1E,1358.77
D0756,19°2'53N,67°30'52E,1332.17
D0757,85°32'2S,156°57'33E,1253.02
D0758,83°36'27S,111°54'10W,989.49
D0759,20°50'2N,53°53'27W,191.47
D0760,70°39'2N,93°8'43W,1764.69
D0761,63°34'17N,142°3'18W,1569.37
D0762,63°55'37S,154°40'17W,1539.63
D0763,78°42'10S,58°28'11E,352.31
D0764,79°13'54N,88°45'28W,1355.15
D0765,81°26'47S,156°26'51E,1545.32
D0766,45°18'7S,57°15'33W,766.23
D0767,43°10'51S,122°50'26E,1886.07
D0768,46°28'46S,4°0'27E,762.26
D0769,43°6'0S,138°44'29E,524.33
D0770,85°46'5N,180°29'40E,1928.94
D0771,84°0'41S,24°30'20E,576.12
D0772,61°24'45S,136°13'50W,783.4
D0773,31°30'5S,165°11'52W,1639.41
D0774,44°55'55S,41°13'21W,1483.12
D0775,88°13'10N,163°52'48W,694.78
D0776,85°2'36S,163°5'45W,512.94
D0777,7°14'25N,50°44'20W,1942.47
D0778,40°29'42N,100°32'55W,590.57
D0779,22°18'46N,1°25'17W,622.24
D0780,81°0'33S,147°46'34E,1652.53
D0781,77°25'36N,54°50'52E,106.78
D0782,70°50'39S,2°13'40W,1726.75
D0783,44°22'16N,171°55'3E,1879.93
D0784,0°58'52N,144°17'34W,431.77
D0785,72°38'55S,23°7'51E,354.14
D0786,22°48'22S,147°33'37W,335.94
D0787,85°8'56S,148°17'39W,424.76
D0788,31°17'44S,6°37'0E,931.33
D0789,1°22'4S,20°11'23E,426.12
D0790,65°20'27S,46°43'57E,1248.66
D0791,82°53'45N,119°52'41W,1917.83
D0792,48°26'5S,42°46'23E,1556.82
D0793,73°48'11S,83°1'11W,700.04
D0794,20°26'21S,52°3'40W,186.67
D0795,59°32'8N,128°3'52W,1676.15
D0796,12°47'55S,100°46'57W,210.34
D0797,88°28'15N,104°57'40W,154.95
D0798,85°55'1N,13°47'5W,584.0
D0799,69°18'8S,161°0'17W,319.55
D0800,3°46'9N,78°35'43W,1982.95
D0801,0°56'44N,174°11'13E,1965.04
D0802,49°56'58N,115°29'45E,347.93
D0803,37°10'27N,111°35'19E,1719.47
D0804,39°36'31S,137°6'55E,431.97
D0805,88°9'48N,105°21'10E,632.42
D0806,55°0'42S,151°15'22W,1335.11
D0807,60°58'57S,153°43'56E,107.76
D0808,63°37'24S,44°21'13W,1191.65
D0809,12°33'9N,47°39'36W,1831.04
D0810,5°52'49S,70°41'30E,1071.19
D0811,52°15'29N,30°48'8W,838.94
D0812,48°30'24N,50°58'5W,161.1
D0813,55°29'38S,173°3'54E,1141.52
D0814,38°39'54N,172°44'42W,1778.24
D0815,23°28'3S,124°11'55E,225.65
D0816,57°48'17N,13°56'54W,168.16
D0817,6°29'56S,146°29'31W,1801.48
D0818,55°21'58N,40°36'22W,1058.44
D0819,54°29'33S,120°51'22W,758.52
D0820,52°53'19S,157°58'16W,750.39
D0821,27°16'24S,53°39'21E,1697.88
D0822,0°37'37S,131°6'44E,369.04
D0823,27°24'8N,107°18'45W,1657.01
D0824,68°36'6N,119°53'49E,196.82
D0825,79°8'2S,17°17'38W,155.52
D0826,25°32'44N,120°0'33W,674.03
D0827,50°30'42N,179°22'34W,256.94
D0828,7°41'12S,87°48'4W,866.51
D0829,25°12'48S,170°16'0E,910.15
D0830,81°13'18N,33°7'34E,1568.2
D0831,79°57'7S,159°48'50W,772.45
D0832,86°16'18N,76°8'11W,272.87
D0833,22°4'46N,72°48'9E,190.82
D0834,47°36'16N,178°30'44E,295.98
D0835,60°56'30S,127°31'41E,168.83
D0836,42°31'41N,25°57'10E,129.04
D0837,81°3'25S,102°41'40W,1747.33
D0838,5°4'18S,171°27'11E,416.8
D0839,49°30'31N,162°28'58W,320.38
D0840,29°28'50S,179°7'29W,1217.8
D0841,89°21'31S,17°55'32W,1066.03
D0842,62°16'58S,71°47'27E,821.48
D0843,65°29'33N,58°37'47E,625.44
D0844,23°26'31S,180°42'36W,1122.25
D0845,15°45'14S,151°56'47W,1845.09
D0846,38°34'2N,96°46'18W,1419.54
D0847,24°52'26S,11°52'39W,1789.57
D0848,65°13'19N,72°43'15E,853.89
D0849,9°18'59S,120°41'45E,202.1
D0850,51°29'53S,0°49'37W,1805.1
D0851,34°35'28S,130°20'14E,772.44
D0852,32°37'51N,154°27'56E,689.55
D0853,23°41'44N,138°35'59E,1257.14
D0854,22°42'20S,54°33'21W,971.49
D0855,21°57'11N,137°20'50E,1277.79
D0856,27°47'48N,41°51'6E,446.73
D0857,88°0'39N,29°50'59E,903.27
D0858,41°4'58N,101°0'12E,1249.47
D0859,60°4'11S,49°6'33W,1623.52
D0860,34°43'55N,43°44'47W,1753.11
D0861,59°44'3N,163°50'30W,1395.66
D0862,67°9'3S,134°46'21W,1462.17
D0863,44°31'18S,42°56'5E,1112.62
D0864,11°30'36S,86°3'15W,149.43
D0865,77°46'5N,105°15'44E,440.52
D0866,12°47'1S,116°47'1E,1751.31
D0867,58°10'44S,177°9'57W,1359.24
D0868,59°25'23S,103°57'24E,1035.25
D0869,50°38'38S,174°46'10W,851.74
D0870,74°8'45S,36°28'34W,1599.1
D0871,50°51'42N,80°51'25E,1511.84
D0872,14°40'0S,151°41'41E,601.26
D0873,60°51'54N,8°5'29W,1642.62
D0874,3°8'24S,104°45'46W,929.03
D0875,15°36'38S,10°48'22W,1767.59
D0876,47°32'29N,176°52'28W,917.25
D0877,59°20'28S,61°51'41E,1023.15
D0878,33°28'48N,83°58'42E,1518.48
D0879,56°27'23S,30°6'17W,822.21
D0880,8°9'1N,82°0'44E,155.35
D0881,38°41'6N,94°59'34E,1866.16
D0882,49°12'48N,40°28'25E,384.22
D0883,42°55'30N,145°5'17E,134.76
D0884,16°12'44N,74°46'6E,165.24
D0885,16°15'20S,52°43'16W,970.95
D0886,60°2'17S,140°22'12W,674.45
D0887,83°32'28N,29°35'55W,1257.5
D0888,19°42'33N,34°30'43E,1364.61
D0889,80°21'21N,4°14'33W,813.74
D0890,90°59'51N,165°51'44E,1824.5
D0891,29°41'10S,109°1'23W,1870.56
D0892,17°48'55N,14°31'6W,1376.03
D0893,76°16'15N,76°28'7E,1544.52
D0894,53°30'35N,91°29'10E,841.18
D0895,42°56'28S,153°44'58W,439.5
D0896,10°43'3S,27°8'9E,702.39
D0897,86°21'19S,139°3'59W,1655.05
D0898,25°24'22N,180°16'58E,1971.7
D0899,64°27'28S,125°57'9E,599.03
D0900,59°24'18N,142°28'20W,1061.38
D0901,73°21'15S,46°32'56W,491.3
D0902,37°46'18N,167°57'35W,1660.68
D0903,63°15'4S,178°27'23E,625.56
D0904,9°27'45N,155°59'55E,153.0
D0905,79°34'36N,51°3'22W,1988.93
D0906,29°41'7S,75°22'31W,458.42
D0907,3°10'26N,159°31'3W,814.8
D0908,49°57'17N,62°3'15W,1659.27
D0909,67°25'21S,168°5'21E,332.94
D0910,16°21'46S,146°16'34W,683.11
D0911,37°26'40N,153°12'52W,565.21
D0912,54°34'42N,164°7'30W,112.71
D0913,21°53'38S,174°53'20E,645.62
D0914,2°28'32N,100°38'25E,1963.51
D0915,41°29'50N,131°12'11W,1114.78
D0916,61°9'44S,151°20'52W,1082.59
D0917,45°41'55S,149°50'22W,1195.18
D0918,61°46'39S,50°1'4W,1408.12
D0919,67°12'4S,118°52'12E,1243.29
D0920,38°11'26N,20°14'15W,807.03
D0921,35°47'55S,9°25'45E,1632.93
D0922,56°41'42S,102°28'22W,899.77
D0923,86°38'48S,155°21'12E,973.58
D0924,21°54'17S,13°55'31E,1047.04
D0925,48°30'44N,18°4'38W,1466.12
D0926,61°10'27S,156°19'38W,1668.14
D0927,1°15'52N,74°22'41E,1973.98
D0928,62°38'34N,37°38'25E,630.97
D0929,34°26'43N,116°19'42W,1110.19
D0930,32°20'48N,170°17'59E,1421.59
D0931,52°52'15N,86°40'44W,530.85
D0932,47°54'10S,53°6'29W,1752.15
D0933,88°23'13S,174°15'38W,871.07
D0934,46°8'33N,170°19'54W,1833.09
D0935,67°18'50N,39°38'15E,481.82
D0936,65°57'58S,42°12'50E,1493.9
D0937,45°36'43N,45°4'47E,1010.48
D0938,5°47'25N,68°17'35W,1171.21
D0939,42°1'18S,74°31'8E,1633.33
D0940,2°41'12S,41°31'39E,1085.53
D0941,60°10'15S,66°47'31E,1503.21
D0942,42°46'48N,16°18'58W,1339.94
D0943,40°35'23S,36°15'52W,418.4
D0944,69°19'17S,146°39'4W,1102.69
D0945,55°11'12S,61°43'41E,142.9
D0946,5°25'31S,70°58'9E,1941.49
D0947,23°28'27N,57°11'11W,929.44
D0948,4°55'26N,72°50'26W,1188.21
D0949,17°0'15S,180°59'20E,1877.14
D0950,46°2'53S,54°5'46E,1972.29
D0951,18°4'52S,70°45'5E,1123.19
D0952,46°17'24N,57°17'49W,479.52
D0953,62°58'14N,96°28'39W,1792.6
D0954,12°55'9N,102°43'26E,345.73
D0955,63°27'55N,152°4'27W,521.54
D0956,37°29'11S,101°25'59E,1322.95
D0957,59°50'3S,48°32'23W,1764.49
D0958,84°30'33N,0°27'19E,540.07
D0959,27°32'10N,58°45'12E,1946.66
D0960,87°56'58S,13°52'1W,1478.49
D0961,6°14'6N,66°43'28W,1756.26
D0962,77°10'23S,0°1'1E,376.24
D0963,50°6'58N,42°1'23E,1092.73
D0964,34°20'51S,14°53'46E,874.2
D0965,88°38'47N,37°59'2E,594.74
D0966,16°6'16N,11°14'56E,1426.75
D0967,20°27'58N,130°21'31E,154.69
D0968,29°53'22N,167°28'1E,284.64
D0969,50°31'33N,156°44'52E,902.62
D0970,2°51'42N,167°2'53E,1931.47
D0971,83°17'4N,125°15'40W,1528.67
D0972,5°41'58S,5°13'50W,737.61
D0973,7°46'10S,8°3'2E,165.48
D0974,31°33'11S,135°32'38E,228.36
D0975,23°37'43S,71°22'44E,1095.81
D0976,53°2'46S,125°56'53W,1324.81
D0977,6°45'50N,9°13'32E,644.6
D0978,66°22'44S,150°40'6E,1969.6
D0979,20°33'20S,118°52'20W,600.95
D0980,22°55'22N,140°2'27E,374.47
D0981,58°50'8N,107°29'54W,1849.52
D0982,27°5'0S,114°6'51E,1569.99
D0983,30°39'28S,97°19'14E,1918.04
D0984,65°54'48N,49°55'35E,1923.43
D0985,59°25'51S,9°6'37E,1420.06
D0986,40°57'35N,41°15'0W,965.17
D0987,79°35'40N,62°19'49W,1176.84
D0988,47°23'50N,107°28'24E,415.77
D0989,72°48'47S,31°29'56E,832.75
D0990,16°40'34N,133°43'53W,1420.06
D0991,1°57'3N,136°24'32E,1779.74
D0992,51°24'20N,112°37'41W,653.14
D0993,49°15'11N,64°53'50W,219.58
D0994,70°34'14N,178°2'11E,791.16
D0995,28°42'31S,105°11'26W,1301.27
D0996,73°12'17N,100°25'59E,1601.3
D0997,0°7'20S,123°20'11E,921.23
D0998,10°43'14S,83°20'9E,1062.89
D0999,60°25'18S,115°55'57W,371.16
D1000,60°18'48S,9°34'13W,1568.03
